Protocol,Average Packet Length
DHCP,350
DNS,183.8520833
FTP,82.10638298
FTP-DATA,1392.059375
HTTP,340.4545455
OCSP,668.7108434
TLSv1.2,744.6209181
TLSv1.3,951.6682275
